ArticleId,Title,Body,CreateDate,StartDate,EndDate,UserName
1,How Dough Cats are taking over the World,"There is a lot of hype around the new creatures known as doughcats in riot's top tier autobattle simulator, TFT.",2025-03-15 14:30:45,2025-03-15 14:30:45,2025-03-29 14:30:45,a@a.a
2,The Rise of AI Companions,"Artificial Intelligence is transforming how we interact with technology, from chatbots to personal assistants.",2025-03-16 10:15:30,2025-03-16 10:15:30,2025-03-30 10:15:30,b@b.b
3,Exploring the Deep Ocean,Scientists are uncovering new marine species and mysteries hidden in the unexplored depths of the ocean.,2025-03-17 09:00:00,2025-03-17 09:00:00,2025-03-31 09:00:00,c@c.c
4,Mars Colonization: The Next Step,Space agencies and private companies are racing to establish a human presence on Mars within the next decade.,2025-03-18 12:45:20,2025-03-18 12:45:20,2025-04-1 12:45:20,d@d.d
5,Quantum Computing Breakthroughs,"Researchers have made significant advancements in quantum computing, paving the way for solving complex problems.",2025-03-19 16:20:10,2025-04-2 16:20:10,2025-03-25 16:20:10,e@e.e
6,The Future of Electric Vehicles,"Electric vehicles are reshaping the automotive industry, offering cleaner and more efficient alternatives to traditional cars.",2025-03-15 18:00:00,2025-03-15 18:00:00,2025-03-30 18:00:00,a@a.a
7,AI in Healthcare,"Artificial intelligence is revolutionizing the healthcare industry, from diagnostic tools to personalized treatment plans.",2025-03-16 08:45:00,2025-03-16 08:45:00,2025-03-28 08:45:00,b@b.b
8,Exploring the Cosmos,"With advancements in space technology, we're now able to explore beyond our solar system and learn more about distant exoplanets.",2025-03-17 14:30:15,2025-03-17 14:30:15,2025-03-31 14:30:15,c@c.c
9,The Impact of 5G,"The deployment of 5G technology is expected to change how we connect and interact with devices, offering faster speeds and better connectivity.",2025-03-18 10:20:00,2025-03-18 10:20:00,2025-04-05 10:20:00,d@d.d
10,The Rise of Smart Cities,"Smart cities use technology to improve urban living, from traffic management to energy efficiency and public safety.",2025-03-19 13:05:50,2025-03-19 13:05:50,2025-03-30 13:05:50,e@e.e